{
  "x": -0.08,
  "y": 0.0,
  "z": 0.78,
  "ex": -3.078760800517997,
  "ey": -0.06283185307179587,
  "ez": 0.09424777960769379
}