{
  "x": -0.08,
  "y": 0.0,
  "z": 0.82,
  "ex": -3.0473448739820994,
  "ey": 0.0,
  "ez": 0.09424777960769379
}